Obama,Chuck Berry rolled over everyone who came before him i and turned up everyone who came after. We'll miss you Chuck. Be good..
Obama,On International Womenos Day name and I are inspired by all of you who embrace your power to drive url.
Obama,Humbled to be recognized by a family with a legacy of service. Who's your hashtag Tell me about them: url.
Obama,We asked. You url.
Obama,Happy Valentineos Day name lmost 28 years with you but it always feels url.
Obama,I read letters like these every single day. It was one of the best parts of the job i hearing from url.
Obama,In the meantime I want to hear what you're thinking about the road ahead. So share your ideas with me url.
Obama,Hi everybody! Back to the original handle. Is this thing still on? Michelle and I are off on a quick vacation then weoll get back to work..
Obama,Tonight President Obama reflects on eight years of progress. Watch the hashtag at 9 pm ET: url hashtag.
Clinton,The question in this election: Who can put the plans into action that will make your life better? url.
Clinton,"Last night Donald Trump said not paying taxes was ""smart."" You know what I call it? Unpatriotic. url."
Clinton,Couldn't be more proud of name Her vision and command during last night's debate showed that she's ready to be our next name.
Clinton,"If we stand together there's nothing we can't do.., ., Make sure you're ready to vote: url url., Both candidates were asked about how they'd confront racial injustice. Only one had a real answer. url., This election is too important to sit out. Go to url and make sure you're registered. hashtag -H., When Donald Trump goes low...register to vote: url url., 3) Has Trump offered a single proposal to reduce the friction of starting a business. name has url., The election is just weeks away. Check if you're registered to vote at url only takes a few cl url., Donald Trump lied to the merican people at least 58 times during the first presidential debate. (We counted.) url., uShe gained about 55 pounds in...9 months. She was like an eating machine.u iTrump a man who wants to be president: url., It's hashtag Celebrate by registering to vote Ui url url., ""I love this country.."
Clinton,Iom proud of this country..
Clinton,"I want to be a leader who brings people together.""""."
Clinton,iHillary hashtag.
Clinton,"We donot want to turn against each other.., We want to work with one another.., We want to set big goals in this country.., hashtag., What we hear from my opponent is dangerously incoherent. It's unclear what he's saying but words matter."" iHillary."
Clinton,One candidate made it clear he wasnot prepared for last nightos debate. The other made it clear sheos prepared to b url.
Clinton,"""What kind of a person would want to root for 9 million families losing their homes?., ., One who should never be president."" iHillary on Trump."
Clinton,"I donot think that any family should have to pay more than 10% of their income on child care.u iHillary url., Iom really glad my dad never had a contract with Donald Trump.u iHillary url."
Clinton,When you work hard you should not be living in poverty. url.
Clinton,"""We may have a record-setting turnout in this election.., ., We could have the biggest turnout we've ever had."" url., You can go to url to make sure you are registered. nd I hope you all will.u iHillary hashtag."
CNN,British PM Theresa May commits to put final Brexit deal to a vote in both houses of the UK parliament. url.
CNN,CNN/ORC Poll: Most say Russian hacking didn't change election outcome. url url.
CNN,CNN/ORC poll: Most in US disapprove of Trump transition; 53% are less confident because of his actions since Nov. 8 url.
CNN,Female zebra shark in aquarium produces live offspring asexually 3 years after being separated from long-term mate url.
CNN,Man from Uzbekistan has confessed to carrying out deadly attack at Istanbul nightclub the city's governor says. url.
CNN,A woman in Pakistan has been sentenced to death for burning her daughter alive. url url.
CNN,Search for missing Malaysia irlines flight 370 officially suspended almost 3 years after plane vanished. url.
CNN,Istanbul police arrest man they suspect killed 39 at Reina nightclub on New Yearos Eve Turkish news agency says. url.
CNN,Eugene . Cernan the astronaut who was the last to leave his footprints on the moon has died. He was 82. url.
CNN,Monica Crowley will not take a role in Trump's administration after plagiarism revelations transition official say url.
CNN,uthorities arrest wife of Orlando nightclub shooter Omar Mateen url url.
CNN,t least 5 killed after gunfire erupts at a festival in Mexico url.
Trump,Morning Joe's weakness is its low ratings. I don't watch anymore but I heard he went wild against Rudy Giuliani and hashtag - sad &amp; irrelevant!.
Trump,name You were fantastic in defending both the Second mendment and me last night on name Don Lemon is a lightweight - dumb as a rock.
Trump,name oNow cut off my mic!o Bongino refuses to be bullied by Don Lemon over Trump 2nd mendment i HETED! url.
Trump,Media desperate to distract from Clinton's anti-2 stance. I said pro-2 citizens must url and get out vote to save our Constitution!.
Trump,When is the media going to talk about Hillary's policies that have gotten people killed like Libya open borders and maybe her emails?.
Trump,"Thank you Senator name hashtag., url., Thank you name hashtag."
Trump,url.
Trump,"Thank you Wilmington North Carolina!., hashtag url., name name Loved Trump's answers to voters questions this morning! Trump's economic plan will help hashtag hashtag., name name name great interview.....all solid points on our economy TRUMP2016."
Trump,I am running against the Washington insiders just like I did in the Republican Primaries. These are the people that have made U.S. a mess!.
Trump,Will be interviewed on name now!.
Trump,Being in Detroit today was wonderful. Quick stop in Ohio to meet with some of our great supporters. Just got back home!.